615493183454838784,эта
615493183454838784,книга
615493183454838784,адресована
615493183454838784,всем
615493183454838784,кто
615493183454838784,изучает
615493183454838784,русский
615493183454838784,язык
615493183454838784,состоит
615493183454838784,она
615493183454838784,правил
615493183454838784,упражнений
615493183454838784,учебных
615493183454838784,текстов
615493183454838784,для
615493183454838784,этого
615493183454838784,созданы
615493183454838784,другие
615493183454838784,замечательные
615493183454838784,"учебники

у"
615493183454838784,этой
615493183454838784,книги
615493183454838784,совсем
615493183454838784,иная
615493183454838784,задача
615493183454838784,она
615493183454838784,поможет
615493183454838784,вам
615493183454838784,научиться
615493183454838784,только
615493183454838784,разговаривать
615493183454838784,размышлять
615493183454838784,порусски
615493183454838784,книга
615493183454838784,которую
615493183454838784,держите
615493183454838784,руках
615493183454838784,составлена
615493183454838784,афоризмов
615493183454838784,размышлений
615493183454838784,великих
615493183454838784,мыслителей
615493183454838784,писателей
615493183454838784,поэтов
615493183454838784,философов
615493183454838784,общественных
615493183454838784,деятелей
615493183454838784,различных
615493183454838784,эпох
615493183454838784,мысли
615493183454838784,тех
615493183454838784,вопросах
615493183454838784,которые
615493183454838784,перестают
615493183454838784,волновать
615493183454838784,"человечество

вы"
615493183454838784,можете
615493183454838784,соглашаться
615493183454838784,или
615493183454838784,соглашаться
615493183454838784,тем
615493183454838784,что
615493183454838784,прочитаете
615493183454838784,этой
615493183454838784,книге
615493183454838784,возможно
615493183454838784,вам
615493183454838784,покажется
615493183454838784,что
615493183454838784,какието
615493183454838784,мысли
615493183454838784,уже
615493183454838784,устарели
615493183454838784,должны
615493183454838784,обязательно
615493183454838784,подумать
615493183454838784,обосновать
615493183454838784,почему
615493183454838784,так
615493183454838784,"считаете

а"
615493183454838784,еще
615493183454838784,узнаете
615493183454838784,почувствуете
615493183454838784,как
615493183454838784,прекрасно
615493183454838784,звучат
615493183454838784,слова
615493183454838784,любви
615493183454838784,сострадания
615493183454838784,мудрости
615493183454838784,доброты
615493183454838784,русском
615493183454838784,языке
